{
"Names": ["B1Y1","B1Y2","B1Y3","B1Y4","B1Y5","B1X1","B1X2","B1X3","B1X4","B1X5","B2Y1","B2Y2","B2Y3","B2Y4","B2Y5","B2X1","B2X2","B2X3","B2X4","B2X5"],
"TimeWindows": [[1530417492.0,1530417562.0,1530417677.0],[1530417706.0,1530417778.0,1530417893.0],[1530417920.0,1530417992.0,1530418107.0],[1530418135.0,1530418204.0,1530418321.0],[1530418349.0,1530418419.0,1530418534.0],[1530418959.0,1530419030.0,1530419147.0],[1530419175.0,1530419248.0,1530419364.0],[1530419392.0,1530419463.0,1530419580.0],[1530419606.0,1530419677.0,1530419795.0],[1530419822.0,1530419894.0,1530420011.0],[1530420649.0,1530420723.0,1530420840.0],[1530420869.0,1530420942.0,1530421060.0],[1530421089.0,1530421162.0,1530421279.0],[1530421308.0,1530421381.0,1530421499.0],[1530421526.0,1530421599.0,1530421717.0],[1530422217.0,1530422287.0,1530422402.0],[1530422428.0,1530422498.0,1530422612.0],[1530422639.0,1530422708.0,1530422823.0],[1530422849.0,1530422919.0,1530423033.0],[1530423060.0,1530423129.0,1530423243.0]],
"OrbitDrifts_X": [[-3.6448787,-1.7953227,-2.6486207],[-3.5215082,-4.4544247,-3.2600667],[-8.7998082,-6.6162192,-6.2983512],[-6.4356237,-6.0031692,-6.1911882],[-4.8627832,-7.0615032,-6.8397332],[1.121858,1.3002685,-0.19092765],[2.67926,-0.3708005,0.062066],[1.850386,-0.0519895,-0.451944],[0.610024,0.9778415,0.126861],[1.329141,1.154207,1.20993],[-0.4864995,0.2394805,0.5779135],[1.0212435,-2.864783,0.6206975],[1.4199235,0.96178,1.5696265],[1.7108205,-3.9157275,1.42859],[2.9508115,4.25721,3.63179],[-2.6558635,-1.234015,1.1577156],[-1.0546725,0.6734038,0.6271455],[-1.2299135,-0.6044155,0.314947],[-1.2425825,-0.883907499999999,-0.9212155],[-2.1049,-0.8496455,2.8676495]],
"OrbitDrifts_Y": [[3.80212,0.635181,0.9065205],[0.173184,0.050003,0.9320396],[0.28193,-2.138768,-0.9913645],[-0.994011,-0.9497215,-2.067905],[-0.9867235,-1.3542425,-2.029325],[-0.906254,-0.2947395,-0.88870375],[-0.366087,-1.426422,0.1204809],[0.4584165,0.3584115,1.5720545],[0.6418095,0.89195495,1.3874295],[0.363944,0.39438595,1.0935135],[-2.889581,0.8258005,0.2470075],[2.146591,0.949184,1.72902275],[0.5538715,2.129828,1.523511],[0.905159,-0.090707,2.7152575],[1.244063,1.8678905,1.7482055],[-0.3432995,-0.5446005,-0.6357795],[-0.7388315,-1.108203,-2.0435044],[-0.8076035,-1.5728595,0.112],[0.542588,0.4485759,-0.938215],[0.818981,0.9434775,0.6786595]]
}
