{
"Names": ["X1", "Y1", "Y2", "X2", "I1X", "I1Y", "I2X", "I2Y", "L1X", "L1Y", "X3", "Y3"],
"TimeWindows": [[1464336285, 1464336777, 1464337268],[1464337522, 1464338014, 1464338508],[1464338769, 1464339262, 1464339757],[1464339948, 1464340439, 1464340930],[1464341247, 1464341738, 1464342231],[1464342677, 1464343166, 1464343658],[1464344429, 1464344919, 1464345408],[1464345652, 1464346146, 1464346642],[1464347152, 1464348252, 1464348181],[1464348634, 1464349744, 1464349677],[1464350869, 1464351359, 1464351851],[1464352142, 1464352636, 1464353130]],
"OrbitDrifts_X": [[0.102195, 0.191594, -1.50784],[-1.30096, -1.68238, -1.07066],[-0.653596, -0.976862, -1.45955],[-1.18102, -0.395121, -0.86122],[-0.305104, -1.73569, -0.619604],[-0.804711, -0.186458, -0.595472],[-0.473773, -0.129816, -1.82424],[-2.76163, -4.43423, -4.32865],[-3.65619, -3.26805, -3.26805],[-1.08582, -1.77333, -1.77333],[0.819581, 0.345271, 0.0718224],[-3.31056, -3.5304, -2.38012]],
"OrbitDrifts_Y": [[0.209182, 1.68524, 1.01019],[-0.166451, -0.0637104, -0.724468],[-0.748852, -1.22041, -0.749487],[-0.710841, -1.54097, -1.76571],[-2.72048, -3.18875, -1.9085],[-3.02691, -4.04478, -4.58322],[-1.9823, -1.51324, -1.41332],[-0.682193, -0.751523, -0.353283],[-0.987663, -1.7027, -1.7027],[-0.112299, 1.50224, 1.50224],[-0.991553, 0.899841, 0.0042411],[-0.18895, -0.0236371, -0.163135]]
}
