{
"Names": ["X1", "Y1", "Y2", "X2", "I1X", "I1Y", "I2X", "I2Y", "L1X", "L1Y", "X3", "Y3"],
"TimeWindows": [[1464336285, 1464336776, 1464337268],[1464337522, 1464338015, 1464338508],[1464338769, 1464339263, 1464339757],[1464339948, 1464340439, 1464340930],[1464341247, 1464341739, 1464342231],[1464342677, 1464343169, 1464343658],[1464344429, 1464344920, 1464345408],[1464345652, 1464346149, 1464346642],[1464347152, 1464348250, 1464348181],[1464348634, 1464349746, 1464349677],[1464350869, 1464351362, 1464351851],[1464352142, 1464352636, 1464353130]],
"OrbitDrifts_X": [[0.768543, 1.11205, -0.723566],[-0.360399, -1.01688, -0.39327],[-0.195597, -0.164226, 2.61955],[-0.341644, 0.0492804, -1.32528],[0.257985, -2.41359, -3.78537],[-0.766327, -1.16586, -1.31841],[-0.0692722, -0.647953, -3.33199],[-3.89245, -4.62295, -3.23391],[-4.18336, -2.4261, -2.4261],[2.08362, 0.101534, 0.101534],[2.4341, 3.14126, 1.37233],[-0.665661, -1.24328, -0.689656]],
"OrbitDrifts_Y": [[0.135878, 1.13727, 0.227075],[0.642991, -0.139834, -0.717606],[-0.698361, -1.36706, -1.46477],[-1.62039, -1.5442, -2.2015],[-2.4837, -4.41184, -5.76372],[-4.55113, -4.94198, -3.63832],[-2.79427, -3.17361, -2.72682],[-0.391927, -2.54811, -2.25798],[-2.27319, -4.73346, -4.73346],[-0.702246, 0.350715, 0.350715],[0.637686, 2.12196, 0.810541],[1.75607, 1.32433, 0.728463]]
}
