{
"Names": ["X1", "Y1", "Y2", "X2", "I1X", "I1Y", "I2X", "I2Y", "L1X", "L1Y", "X3", "Y3"],
"TimeWindows": [[1464336207, 1464336777, 1464337347],[1464337437, 1464338014, 1464338592],[1464338684, 1464339262, 1464339837],[1464339867, 1464340439, 1464341007],[1464341137, 1464341739, 1464342352],[1464342572, 1464343165, 1464343765],[1464344325, 1464344920, 1464345510],[1464345543, 1464346145, 1464346753],[1464347088, 1464348253, 1464348253],[1464348560, 1464349745, 1464349745],[1464350784, 1464351359, 1464351932],[1464352062, 1464352637, 1464353209]],
"OrbitDrifts_X": [[-0.522069, -1.48174, -2.04867],[0.529725, -1.32571, 0.107054],[1.16774, 1.04156, -0.308342],[4.30661, 0.0648792, 2.26717],[3.16669, -0.95652, -5.39716],[0.0540744, -0.324458, -1.95517],[-1.6981, -3.84034, -4.06595],[-4.16755, -9.44739, -9.72813],[-1.55217, -0.732333, -0.732333],[-1.4487, -6.71261, -6.71261],[2.52351, -4.21187, -3.97678],[-3.54534, -2.49825, -1.55941]],
"OrbitDrifts_Y": [[-0.0213272, 2.0319, 1.46854],[1.2881, 0.439623, 2.06158],[2.30401, -0.0125118, 2.52438],[3.38391, 1.64903, 2.40629],[1.56947, -0.157498, 1.35804],[2.10446, 0.197219, -0.171481],[0.227652, 0.33676, 1.31487],[1.96984, 2.03006, 4.51046],[1.81828, 1.61873, 1.61873],[0.34663, 3.68081, 3.68081],[-0.684758, 1.43556, 1.46715],[1.70471, 1.37279, 3.94121]]
}
