{
"Names": ["X1", "Y1", "Y2", "X2", "BIX1", "BIY1", "BIX2", "BIY2", "X3", "Y3", "X4", "Y4", "L1X", "L1Y", "NBIY1", "NBIX1", "NBIY2", "NBIX2", "X5", "Y5"],
"TimeWindows": [[1501228833, 1501229373, 1501229918],[1501230048, 1501230603, 1501231158],[1501231398, 1501231953, 1501232508],[1501232708, 1501233263, 1501233808],[1501235319, 1501235944, 1501236609],[1501236719, 1501237344, 1501237929],[1501238619, 1501239214, 1501239879],[1501239964, 1501240574, 1501241159],[1501245549, 1501246104, 1501246674],[1501246824, 1501247384, 1501247944],[1501248314, 1501249580, 1501249580],[1501249665, 1501250930, 1501250930],[1501261104, 1501262369, 1501262369],[1501262504, 1501263799, 1501263799],[1501264129, 1501264729, 1501265320],[1501265405, 1501266010, 1501266620],[1501266775, 1501267395, 1501268010],[1501268130, 1501268730, 1501269325],[1501269775, 1501270335, 1501270880],[1501270935, 1501271475, 1501272014]],
"OrbitDrifts_X": [[0.98796, 1.78058, 4.66201],[3.96183, 6.87134, 8.72848],[10.1825, 8.67955, 9.28062],[8.34639, 7.01935, 8.26013],[1.9558, 1.84077, 5.3691],[5.97902, 7.26928, 5.66303],[-0.341819, 2.45052, -0.134038],[-0.175298, -1.18174, -2.3333],[-0.229071, -3.93052, -6.30759],[-7.1948, -14.1317, -18.2242],[-17.8188, -20.3214, -20.3214],[-20.1377, -14.3992, -14.3992],[2.49926, -0.175179, -0.175179],[2.82756, 0.656675, 0.656675],[0.401087, 1.1407, -2.11837],[-1.6677, -5.20704, -3.05889],[-3.32689, -2.95089, -2.63707],[-1.14714, -3.87372, -3.27181],[-0.585001, -5.30711, -3.12313],[-3.31211, 3.31272, 7.47349]],
"OrbitDrifts_Y": [[0.630236, 0.631679, -0.0332239],[0.568959, -0.939554, -0.00566378],[0.414234, -1.78804, -0.656858],[0.0487904, 1.02914, -0.335276],[-0.5479, -0.133726, 1.25268],[4.16632, 0.091254, 1.02872],[-0.657085, -0.0679998, -0.44608],[-1.45897, 0.226913, 0.168173],[-0.156701, -2.53972, -3.61268],[-3.70171, -5.19778, -4.01041],[-4.3554, -2.9379, -2.9379],[-2.63601, -1.30985, -1.30985],[0.339168, -1.66826, -1.66826],[-0.678884, 3.25367, 3.25367],[0.493904, -0.646986, -1.96014],[-1.16051, -0.115149, 1.8126],[2.68906, 3.37876, 0.897625],[1.08821, 0.457083, 1.22675],[0.213412, -0.395569, -0.81226],[0.11328, -1.34372, 1.22612]]
}
