{
"Names": ["X1", "Y1", "Y2", "X2", "I1X", "I1Y", "I2X", "I2Y", "L1X", "L1Y", "X3", "Y3"],
"TimeWindows": [[1464336285, 1464336777, 1464337268],[1464337522, 1464338014, 1464338508],[1464338769, 1464339262, 1464339757],[1464339948, 1464340439, 1464340930],[1464341247, 1464341738, 1464342231],[1464342677, 1464343166, 1464343658],[1464344429, 1464344919, 1464345408],[1464345652, 1464346146, 1464346642],[1464347152, 1464348252, 1464348181],[1464348634, 1464349744, 1464349677],[1464350869, 1464351359, 1464351851],[1464352142, 1464352636, 1464353130]],
"OrbitDrifts_X": [[-0.705216, -1.57754, -1.21661],[0.905503, -0.484522, 0.435222],[1.47597, 1.52999, 0.608151],[4.29354, 0.26244, 2.40078],[2.56209, -0.0886765, -4.2148],[0.389199, -0.231229, -1.36638],[-1.83613, -3.77543, -3.11488],[-3.74471, -7.23027, -7.51265],[0.321347, 0.90169, 0.90169],[-1.23486, -5.82595, -5.82595],[1.11849, -4.38451, -4.04576],[-1.74341, -0.733055, -0.498847]],
"OrbitDrifts_Y": [[0.156604, 1.18929, 1.0411],[1.24571, 0.471478, 2.1893],[2.33763, 0.597691, 2.54821],[3.49246, 2.41952, 3.18702],[2.61258, 1.43688, 2.01449],[3.27917, 2.21961, 2.18593],[1.2379, 1.09338, 1.85265],[2.32186, 2.40582, 4.23519],[2.30105, 2.47008, 2.47008],[0.61121, 2.92969, 2.92969],[0.12432, 0.985635, 1.46059],[1.7527, 1.38461, 3.66851]]
}
