{
"Names": ["X1", "Y1", "Y2", "X2", "BIX1", "BIY1", "BIX2", "BIY2", "X3", "Y3", "X4", "Y4", "L1X", "L1Y", "NBIY1", "NBIX1", "NBIY2", "NBIX2", "X5", "Y5"],
"TimeWindows": [[1501228893, 1501229372, 1501229838],[1501230120, 1501230602, 1501231078],[1501231473, 1501231952, 1501232420],[1501232783, 1501233262, 1501233728],[1501235405, 1501235943, 1501236452],[1501236798, 1501237343, 1501237860],[1501238672, 1501239214, 1501239728],[1501240037, 1501240574, 1501241088],[1501245624, 1501246103, 1501246582],[1501246909, 1501247386, 1501247855],[1501248472, 1501249572, 1501249417],[1501249818, 1501250922, 1501250748],[1501261173, 1501262377, 1501262298],[1501262583, 1501263805, 1501263729],[1501264205, 1501264727, 1501265243],[1501265487, 1501266011, 1501266538],[1501266859, 1501267395, 1501267925],[1501268213, 1501268729, 1501269239],[1501269855, 1501270334, 1501270800],[1501270999, 1501271476, 1501271946]],
"OrbitDrifts_X": [[0.741689, 1.17364, 3.8362],[4.29431, 6.80297, 8.47142],[10.1248, 8.86527, 9.21633],[8.08625, 6.12591, 7.65556],[1.43916, 1.51631, 4.48153],[6.18159, 7.36805, 5.09937],[0.151838, 2.10331, -0.318608],[-1.42838, -2.55602, -4.53839],[-1.09527, -4.57258, -5.88358],[-4.50323, -9.99275, -13.2837],[-14.2316, -15.9087, -15.9087],[-15.524, -10.9671, -10.9671],[1.855, -0.279408, -0.279408],[2.53603, 0.0643275, 0.0643275],[0.355208, 0.969009, -1.77457],[-2.41951, -4.88879, -3.32548],[-3.03202, -2.34107, -1.90104],[-1.52605, -3.77717, -3.17137],[-0.853857, -5.05743, -2.69542],[-1.46728, 4.18457, 7.64025]],
"OrbitDrifts_Y": [[0.396416, 0.212863, -0.23093],[-0.0188728, -0.984658, -0.0404809],[2.58629, 0.0951492, 1.80619],[2.8224, 3.55607, 2.74213],[-0.381685, -0.058113, 0.816686],[2.27186, 0.278986, 0.608461],[-0.301124, -0.199078, -0.153063],[-0.474684, 0.447086, -0.274713],[-0.562597, -2.61165, -3.38129],[-3.84015, -5.22339, -4.19023],[-4.03358, -3.03181, -3.03181],[-2.30644, -1.226, -1.226],[0.812367, -1.19673, -1.19673],[-0.150575, 3.85061, 3.85061],[0.131458, -0.889352, -1.91001],[-1.54444, -0.696445, 0.90273],[1.75705, 2.32865, 0.486279],[0.0611396, -0.431537, -0.023646],[-0.00156549, -0.594689, -0.977625],[-0.738774, -1.90674, 0.212701]]
}
