{
"Names": ["X1", "Y1", "Y2", "X2", "I1X", "I1Y", "I2X", "I2Y", "L1X", "L1Y", "X3", "Y3"],
"TimeWindows": [[1464336207, 1464336778, 1464337348],[1464337439, 1464338014, 1464338589],[1464338687, 1464339262, 1464339837],[1464339869, 1464340440, 1464341008],[1464341137, 1464341738, 1464342353],[1464342572, 1464343166, 1464343764],[1464344328, 1464344919, 1464345509],[1464345543, 1464346147, 1464346753],[1464347086, 1464348251, 1464348251],[1464348560, 1464349743, 1464349743],[1464350787, 1464351360, 1464351930],[1464352062, 1464352636, 1464353209]],
"OrbitDrifts_X": [[-0.61, -1.67333, -0.266667],[1.75952, 0.356667, 1.07059],[1.76667, 2.01842, 1.228],[5.6, 0.46, 3.20588],[3.15, 0.779167, -5.06],[0.992308, -0.138, -1.268],[-1.16429, -3.71053, -1.89118],[-1.77667, -5.01316, -5.42333],[2.12609, 2.53571, 2.53571],[-0.406818, -4.93929, -4.93929],[1.58947, -4.55714, -4.00577],[-0.270588, 1.03214, 0.636667]],
"OrbitDrifts_Y": [[0.005, 0.346667, 0.566667],[1.46905, 0.503333, 2.88529],[2.96389, 1.20789, 3.2],[3.95435, 3.19, 4.20882],[4.18462, 3.03125, 2.95333],[4.91154, 4.242, 4.528],[2.30714, 1.85, 2.70588],[2.63667, 2.78158, 4.77667],[2.76304, 3.32143, 3.32143],[0.565909, 2.17857, 2.17857],[0.634211, 0.535714, 1.60577],[1.92059, 1.39643, 4.12667]]
}
